<?xml version="1.0" encoding="UTF-8"?>
<project-private xmlns="http://www.netbeans.org/ns/project-private/1">
    <editor-bookmarks xmlns="http://www.netbeans.org/ns/editor-bookmarks/2" lastBookmarkId="0"/>
    <open-files xmlns="http://www.netbeans.org/ns/projectui-open-files/2">
        <group>
            <file>file:/C:/Users/jorus/Desktop/Es%20Chat/EsChat/src/eschat/AccettaConnessione.java</file>
            <file>file:/C:/Users/jorus/Desktop/Es%20Chat/EsChat/src/eschat/VNickname.java</file>
            <file>file:/C:/Users/jorus/Desktop/Es%20Chat/EsChat/src/eschat/Elabora.java</file>
            <file>file:/C:/Users/jorus/Desktop/Es%20Chat/EsChat/src/eschat/Grafica.java</file>
            <file>file:/C:/Users/jorus/Desktop/Es%20Chat/EsChat/src/eschat/CConnesione.java</file>
            <file>file:/C:/Users/jorus/Desktop/Es%20Chat/EsChat/src/eschat/Server.java</file>
            <file>file:/C:/Users/jorus/Desktop/Es%20Chat/EsChat/src/eschat/CCondivisa.java</file>
            <file>file:/C:/Users/jorus/Desktop/Es%20Chat/EsChat/src/eschat/CMessaggio.java</file>
            <file>file:/C:/Users/jorus/Desktop/Es%20Chat/EsChat/src/eschat/ControlloConnessione.java</file>
        </group>
    </open-files>
</project-private>
